NR_CANDIDATO;NR_PARTIDO;SG_UF_NASCIMENTO;NR_IDADE_DATA_POSSE;CD_GENERO;CD_GRAU_INSTRUCAO;CD_ESTADO_CIVIL;VR_DESPESA_MAX_CAMPANHA;ST_REELEICAO;RESULTADO
13000;13;0;44;2;7;9;500000;0;3
12456;12;0;61;2;6;3;100000;0;3
40777;40;0;49;2;8;3;500000;0;3
31888;31;0;46;2;6;3;500000;0;3
43345;43;1;58;2;8;1;250000;0;3
26777;26;0;28;4;8;1;10000;0;3
40122;40;0;55;2;8;3;500000;1;3
12680;12;0;41;2;6;3;30000;0;3
43043;43;0;60;2;6;3;150000;0;3
26789;26;0;36;2;6;3;10000;0;3
36777;36;0;49;2;6;3;30000;0;3
22456;22;0;53;2;8;3;500000;0;3
50223;50;0;44;2;6;3;10000;0;4
13113;13;0;38;2;8;3;500000;0;3
15510;15;1;55;2;8;1;700000;0;3
25123;25;0;57;2;4;3;700000;0;3
13666;13;1;50;2;8;3;500000;1;1
22789;22;0;24;2;7;1;500000;0;3
31000;31;0;49;2;6;3;500000;0;3
15141;15;0;67;2;8;3;700000;1;1
26780;26;0;38;2;6;3;10000;0;3
12010;12;0;60;2;7;3;50000;0;3
13222;13;1;54;2;7;3;500000;0;3
12345;12;0;37;2;8;1;50000;0;3
12333;12;1;48;2;8;3;100000;0;3
26223;26;0;48;2;6;3;10000;0;3
31313;31;1;48;2;6;3;500000;0;3
27456;27;1;49;2;8;3;500000;0;4
36999;36;0;35;2;6;1;200000;0;3
25111;25;0;57;2;8;3;700000;0;1
43333;43;0;39;2;8;3;250000;0;1
15200;15;0;44;2;8;3;700000;0;3
15500;15;0;23;2;8;1;700000;0;3
33456;33;0;39;2;7;3;500000;1;1
28280;28;1;34;2;8;9;500000;0;4
25555;25;0;45;2;6;9;700000;0;3
26222;26;1;61;2;8;3;50000;0;3
15222;15;0;50;2;6;3;700000;1;1
40333;40;1;78;2;8;3;500000;0;1
70123;70;1;42;4;8;9;500000;0;3
26555;26;1;37;2;8;3;300000;0;3
11111;11;0;44;2;8;3;700000;0;3
26666;26;0;29;2;6;3;10000;0;3
12666;12;0;52;2;8;3;30000;0;3
28888;28;0;48;2;7;1;500000;0;4
44999;44;0;48;2;8;1;700000;0;4
43222;43;1;58;2;8;3;150000;0;3
40000;40;0;32;4;8;3;500000;1;1
36111;36;0;33;2;6;1;30000;0;3
50523;50;1;35;2;8;1;30000;0;4
17777;17;0;27;4;6;3;10000000;0;4
15678;15;0;26;2;8;1;700000;0;1
25112;25;0;49;4;8;3;700000;1;3
26999;26;0;25;2;7;1;30000;0;3
31123;31;0;39;2;6;3;500000;0;3
12555;12;0;61;2;6;9;100000;0;3
43008;43;0;48;2;6;3;250000;0;3
25100;25;0;28;2;8;1;700000;0;3
15177;15;1;51;2;8;3;700000;0;3
65555;65;0;46;2;8;3;500000;0;3
13123;13;0;36;2;8;1;500000;0;3
33123;33;0;43;4;8;1;500000;0;3
43456;43;1;48;2;8;3;150000;0;3
17000;17;0;28;2;5;1;10000000;0;4
27123;27;0;38;2;4;3;100000;0;4
15111;15;0;41;2;8;3;700000;0;3
13111;13;1;44;4;5;1;500000;0;3
12222;12;0;47;2;8;3;400000;0;2
26111;26;0;46;2;6;3;10000;0;3
31456;31;0;38;2;6;3;500000;0;3
50121;50;0;34;2;5;1;10000;0;4
31777;31;0;32;2;6;3;500000;0;3
15000;15;0;44;2;8;3;700000;0;1
25125;25;0;34;2;5;3;700000;0;3
50000;50;1;36;2;6;3;20000;0;4
40111;40;0;41;4;8;3;500000;1;1
33133;33;1;44;2;8;3;500000;0;1
22333;22;0;37;4;6;3;500000;0;3
31250;31;0;40;2;8;3;500000;0;3
43123;43;0;47;2;8;3;450000;1;3
28000;28;0;32;2;6;1;500000;0;4
16116;16;0;32;2;6;1;3000;0;4
40125;40;0;41;2;6;1;500000;0;3
31111;31;0;62;2;6;3;500000;0;1
15666;15;1;61;4;8;9;700000;0;3
70222;70;0;45;2;5;3;500000;0;3
12888;12;0;32;4;8;3;20000;0;3
43126;43;0;49;2;7;3;250000;0;3
22123;22;1;45;2;6;3;500000;0;3
33111;33;0;47;2;8;3;500000;1;1
14123;14;0;35;2;7;3;500000;0;3
36789;36;0;55;2;8;3;50000;0;3
43111;43;0;33;2;8;1;250000;0;3
43555;43;0;48;2;8;1;250000;0;3
13444;13;0;26;2;6;1;500000;0;3
27700;27;1;51;2;5;3;100000;0;4
40123;40;1;34;2;6;3;500000;1;3
33222;33;0;64;2;6;3;500000;1;1
31333;31;0;46;2;6;3;500000;0;3
36147;36;1;73;2;8;3;100000;0;3
15456;15;0;44;2;6;3;700000;0;3
22222;22;0;67;2;8;1;500000;1;3
12000;12;1;26;4;8;1;200000;1;1
25221;25;0;62;2;8;3;700000;1;1
15011;15;0;58;2;6;3;700000;0;3
40888;40;0;43;2;8;3;500000;0;1
13272;13;0;37;2;5;3;500000;0;3
15611;15;1;49;2;8;3;700000;0;3
13789;13;0;44;2;8;1;500000;0;3
12233;12;0;47;2;5;1;20000;0;3
45607;45;1;53;2;2;3;200000;1;2
31321;31;0;34;2;7;1;500000;0;3
12123;12;0;30;4;7;1;20000;0;3
44123;44;1;42;2;6;1;700000;0;4
15333;15;0;50;2;7;3;700000;0;3
43007;43;0;36;4;8;3;550000;0;1
36110;36;1;48;2;4;3;30000;0;3
26123;26;0;39;2;4;3;10000;0;3
16789;16;0;44;2;8;3;3000;0;4
65123;65;0;47;2;8;3;500000;0;3
15633;15;1;51;2;8;3;700000;0;3
33444;33;1;57;2;8;3;500000;1;3
15555;15;0;58;2;8;3;700000;0;3
15123;15;0;61;2;8;3;700000;1;3
25133;25;0;59;2;8;1;700000;0;3
44555;44;0;53;2;8;3;700000;0;4
15115;15;0;45;2;6;3;700000;0;3
23123;23;0;48;2;8;3;500000;1;2
22655;22;1;41;2;6;1;500000;0;3
36555;36;0;38;2;3;3;30000;0;3
36123;36;0;67;2;5;5;200000;0;3
17111;17;0;56;2;6;1;10000000;0;4
44444;44;0;54;2;4;3;100000;0;4
13456;13;0;40;2;8;3;500000;0;3
31789;31;0;47;2;4;9;500000;0;3
12011;12;0;33;2;6;1;25000;0;3
43666;43;1;45;2;8;3;374000;0;3
22111;22;0;47;2;8;3;5000;0;3
33333;33;0;49;2;8;9;500000;1;1
17017;17;0;44;2;5;9;10000000;0;4
31555;31;0;46;4;6;1;500000;0;3
27777;27;0;33;2;4;3;25000;0;4
44124;44;0;43;2;6;1;700000;0;4
25110;25;0;63;2;8;3;700000;1;2
45455;45;1;50;2;6;1;150000;0;3
36878;36;0;32;2;3;3;30000;0;3
25616;25;0;55;2;8;3;700000;0;3
27840;27;0;35;2;5;1;100000;0;4
40222;40;0;64;2;5;3;500000;0;3
26100;26;0;71;2;4;3;10000;0;3
17123;17;0;72;2;3;9;10000000;0;4
13333;13;0;39;2;5;3;500000;0;3
70111;70;1;62;2;4;3;500000;0;3
43190;43;0;40;2;8;3;250000;0;3
40444;40;1;41;2;8;1;500000;1;3
11222;11;0;43;2;6;3;700000;0;3
65111;65;0;45;4;8;3;600000;0;3
50010;50;0;38;2;6;1;50000;0;4
13213;13;1;55;2;6;3;600000;0;3
11111;11;0;48;2;8;3;300000;0;3
44999;44;0;52;2;8;9;10000;0;3
27123;27;0;43;2;6;3;1400000;0;3
22333;22;1;45;2;6;3;1200000;0;3
12222;12;0;43;2;8;3;600000;0;3
33444;33;1;61;2;8;3;1500000;0;3
27333;27;0;32;4;5;9;1400000;0;3
31777;31;0;72;2;8;3;500000;0;3
40999;40;1;57;2;8;5;600000;0;3
22113;22;0;56;2;6;3;1200000;0;3
13666;13;1;54;2;8;1;600000;0;1
43003;43;0;22;4;5;3;1900000;0;3
17777;17;0;32;2;6;1;1500000;0;3
13000;13;0;64;2;8;3;600000;0;3
13719;13;1;49;4;7;1;600000;0;3
27231;27;0;49;2;5;3;1400000;0;3
27000;27;0;47;2;6;9;1400000;0;3
15888;15;0;50;2;6;3;1900000;0;3
33123;33;0;47;4;8;1;1500000;0;3
12120;12;0;74;2;8;3;600000;0;3
12012;12;1;61;2;8;3;600000;0;3
45678;45;0;45;2;6;3;1500000;0;3
27888;27;0;49;4;8;1;1400000;0;3
23555;23;0;29;4;6;1;600000;0;3
12123;12;0;78;2;4;3;600000;0;1
13800;13;0;35;4;7;3;600000;0;3
21123;21;0;40;2;3;1;50000;0;4
31987;31;0;28;4;6;1;500000;0;3
13313;13;1;55;4;6;3;600000;0;3
27777;27;1;41;2;6;1;1400000;0;3
15111;15;0;67;2;8;3;1900000;0;3
21111;21;0;39;4;4;3;50000;0;4
13111;13;1;48;4;6;1;600000;0;3
31117;31;0;32;4;3;3;500000;0;3
50150;50;0;58;2;8;3;50000;0;4
31444;31;1;56;2;4;3;500000;0;3
27223;27;0;38;2;6;1;1400000;0;3
40444;40;1;45;2;8;1;600000;0;3
45555;45;0;36;2;8;3;1500000;0;1
31456;31;0;42;2;6;1;500000;0;3
50123;50;0;48;2;4;1;50000;0;4
12121;12;1;41;2;8;9;600000;0;3
31222;31;0;68;2;5;3;500000;0;3
13123;13;0;39;2;8;3;600000;0;3
25221;25;0;66;2;8;3;1500000;0;3
31112;31;0;60;4;4;3;500000;0;3
36444;36;0;40;2;7;3;240000;0;4
27770;27;0;62;4;8;5;1400000;0;3
27222;27;0;34;2;5;1;1400000;0;3
50111;50;0;35;2;7;1;50000;0;4
10987;10;0;53;2;8;3;1400000;0;3
12333;12;1;48;2;6;3;600000;0;3
22444;22;0;51;2;6;3;1200000;0;3
25112;25;0;54;2;6;3;1500000;0;3
40333;40;0;44;2;7;3;600000;0;3
33133;33;1;48;2;8;3;1500000;0;1
45444;45;0;35;2;8;1;1500000;0;3
25111;25;0;61;2;8;3;1500000;0;1
13222;13;0;25;2;6;1;600000;0;3
31333;31;0;44;2;8;3;500000;0;3
43607;43;1;57;2;6;3;1900000;0;3
15123;15;0;33;2;8;1;1900000;0;1
15100;15;0;48;2;8;9;1900000;0;1
14567;14;0;43;2;7;3;600000;0;1
25616;25;0;59;2;8;3;1500000;0;3
45000;45;1;41;2;6;9;1500000;0;3
13334;13;0;52;4;8;1;600000;0;3
40222;40;1;56;2;8;3;600000;0;3
15141;15;0;75;2;8;3;1900000;0;2
13644;13;0;61;4;8;1;600000;0;3
36123;36;0;71;2;3;5;240000;0;4
15678;15;0;30;2;8;3;1900000;0;1
12444;12;0;47;2;6;1;600000;0;3
22666;22;0;32;2;8;1;1200000;0;1
31111;31;0;39;2;8;3;500000;0;1
45789;45;0;59;2;8;3;1500000;0;3
13555;13;0;61;2;6;3;600000;0;3
65555;65;0;50;2;8;3;600000;0;3
40888;40;0;47;2;8;3;600000;0;1
36193;36;0;43;2;6;1;240000;0;4
11333;11;0;25;2;7;1;300000;0;3
40190;40;0;38;2;8;9;600000;0;3
40777;40;0;64;4;6;5;600000;0;3
40000;40;0;36;4;8;9;600000;0;1
65444;65;0;38;2;8;1;600000;0;3
23333;23;0;64;2;8;3;600000;0;3
31999;31;0;42;2;6;1;500000;0;3
22000;22;0;56;2;5;3;1200000;0;3
33456;33;0;59;2;8;3;1500000;0;3
40133;40;0;45;2;6;3;600000;0;3
15000;15;0;48;2;8;3;1900000;0;1
22456;22;0;38;2;8;1;1200000;0;3
36222;36;1;38;2;6;9;240000;0;4
25333;25;0;57;2;6;3;1500000;0;3
25125;25;0;36;2;8;9;1500000;0;3
31321;31;0;38;2;8;1;500000;0;3
17707;17;0;65;2;5;3;1500000;0;3
22580;22;0;42;2;8;3;1200000;0;3
10777;10;0;46;2;3;3;1400000;0;3
14444;14;0;45;2;8;3;600000;0;3
27007;27;0;43;4;6;3;1400000;0;3
45123;45;0;31;2;6;3;1500000;0;3
65123;65;0;51;2;8;3;600000;0;3
31555;31;0;33;2;3;1;500000;0;3
43123;43;0;40;2;8;3;1900000;0;3
65222;65;0;36;2;8;3;600000;0;3
31789;31;0;43;4;6;9;500000;0;3
40456;40;1;62;4;6;1;600000;0;3
40666;40;0;58;4;6;3;600000;0;3
27077;27;1;27;4;8;3;1400000;0;3
44110;44;0;45;2;3;3;10000;0;3
43190;43;0;46;2;6;9;1900000;0;3
45333;45;0;28;2;8;1;1500000;0;3
33333;33;0;53;2;8;9;1500000;0;1
31666;31;0;54;2;8;3;500000;0;3
23888;23;1;28;4;8;3;600000;0;3
12192;12;0;42;4;6;1;600000;0;3
22111;22;0;27;2;7;1;1200000;0;3
43222;43;1;55;4;4;3;1900000;0;3
10000;10;1;37;2;6;3;1400000;0;3
15555;15;0;49;2;7;3;1900000;0;3
23456;23;0;55;2;5;3;600000;0;3
65333;65;0;55;2;3;3;600000;0;3
10272;10;0;43;2;8;9;1400000;0;3
25110;25;0;67;2;8;3;1500000;0;1
43789;43;0;40;2;5;1;1900000;0;3
13999;13;0;36;2;6;1;600000;0;3
40123;40;0;52;2;6;1;600000;0;1
22222;22;0;71;2;7;1;1200000;0;1
65000;65;0;28;2;7;1;600000;0;3
36333;36;1;60;2;4;3;240000;0;4
65029;65;0;59;4;8;5;600000;0;3
12000;12;0;39;2;8;1;600000;0;3
43333;43;0;43;2;8;3;1900000;0;1
12777;12;1;60;2;6;9;600000;0;3
33222;33;0;68;2;6;3;1500000;0;2
15115;15;0;49;2;6;1;1900000;0;3
15222;15;0;54;2;7;9;1900000;0;1
65777;65;0;28;2;8;1;600000;0;3
25123;25;0;61;2;4;3;1500000;0;3
13333;13;0;46;2;8;3;600000;0;3
40111;40;0;45;4;8;9;600000;0;2
33111;33;1;30;4;8;3;1500000;0;1
43111;43;0;48;2;8;9;1900000;0;3
22123;22;1;49;2;4;3;1200000;0;3
13444;13;0;42;2;5;1;600000;0;3
13611;13;0;60;2;8;3;600000;0;3
50555;50;0;56;4;8;9;50000;0;4
43310;43;0;45;2;6;3;1900000;0;3
45699;45;0;49;2;5;3;1500000;0;3
10222;10;0;34;2;8;1;1400000;0;3
11456;11;0;52;2;6;3;300000;0;3
22225;22;0;41;4;7;1;1200000;0;3
43007;43;0;38;4;6;1;1900000;0;3
50200;50;0;28;4;6;1;100000;0;4
50444;50;1;73;2;8;9;100000;0;4
27123;27;0;60;2;5;9;1500000;0;3
65444;65;0;42;2;6;3;400000;0;3
27133;27;0;54;2;8;1;1500000;0;3
23456;23;1;26;4;7;1;2000000;0;3
10999;10;0;49;2;6;1;1500000;0;3
16789;16;0;58;2;8;1;10000;0;4
20111;20;0;47;2;6;3;2000000;0;3
33344;33;0;57;4;4;3;1500000;0;3
33133;33;0;23;2;7;1;1500000;0;1
65190;65;0;34;2;7;3;400000;0;3
13100;13;0;47;2;8;9;800000;0;3
16000;16;0;21;4;6;1;10000;0;4
28028;28;0;49;2;8;1;2500000;0;3
16001;16;0;23;4;7;1;10000;0;4
50500;50;0;40;2;8;3;100000;0;4
20222;20;0;59;2;6;3;2000000;0;3
51222;51;0;45;4;6;3;2500000;0;3
45333;45;0;39;4;6;1;2000000;0;3
55123;55;0;75;2;8;3;1500000;0;1
33777;33;0;49;4;6;3;1500000;0;3
55444;55;0;22;4;7;3;1500000;0;3
31000;31;0;44;2;8;3;500000;0;1
44444;44;0;27;2;6;1;1500000;0;3
20400;20;0;39;4;6;9;2000000;0;3
70000;70;1;37;4;4;9;500000;0;3
36111;36;0;49;2;5;3;1000000;0;3
45888;45;0;39;2;8;3;2000000;0;3
55680;55;0;49;2;6;9;1500000;0;3
43443;43;0;53;4;8;3;1000000;0;3
90888;90;0;51;2;8;3;2000000;1;1
70333;70;0;36;4;6;9;500000;0;3
45111;45;0;48;2;6;3;2000000;0;3
33345;33;0;51;4;4;1;1500000;0;3
23333;23;0;49;2;6;1;2000000;0;3
31123;31;0;33;4;4;1;500000;0;3
13133;13;1;45;2;8;3;800000;0;3
27999;27;1;56;2;8;9;1500000;0;3
13613;13;0;47;4;8;1;800000;0;3
50223;50;0;51;2;5;3;100000;0;4
13413;13;1;50;4;6;1;800000;0;3
33355;33;0;48;4;6;1;1500000;0;3
65678;65;0;42;2;8;3;400000;0;3
40222;40;0;37;2;8;1;2000000;0;3
77123;77;0;42;2;8;1;2000000;0;1
90222;90;0;72;4;6;5;2000000;0;3
65000;65;0;24;4;5;1;400000;0;3
55888;55;0;44;4;6;5;1500000;0;3
15212;15;0;42;2;8;3;2000000;0;3
25000;25;0;50;2;8;3;3000000;0;3
50789;50;0;49;4;8;3;100000;0;4
31234;31;0;33;4;8;3;500000;0;3
50333;50;0;66;2;8;9;100000;0;4
27000;27;0;50;2;6;3;1500000;0;3
51234;51;0;36;2;7;1;2500000;0;3
31147;31;0;57;2;2;9;500000;0;3
43223;43;0;36;4;6;1;1000000;0;3
15444;15;0;48;2;8;3;2000000;0;3
43100;43;0;49;2;7;9;1000000;0;3
55555;55;0;45;2;8;1;1500000;0;1
50750;50;0;42;2;6;1;100000;0;4
15678;15;0;47;2;7;3;2000000;1;1
50125;50;1;53;2;6;3;100000;0;4
65131;65;0;52;2;8;3;400000;0;3
31110;31;0;40;2;6;3;500000;0;3
13999;13;0;56;2;8;3;800000;0;3
31333;31;0;58;2;2;3;500000;0;3
15222;15;0;58;2;6;3;2000000;1;1
15100;15;0;52;2;8;9;2000000;1;1
11110;11;0;57;2;8;3;1500000;0;3
15190;15;0;54;4;6;1;2000000;0;3
31313;31;0;34;2;8;1;500000;0;3
25555;25;0;63;4;8;5;3000000;0;3
31991;31;1;50;4;4;3;500000;0;3
27777;27;0;63;2;8;3;1500000;0;3
12102;12;0;46;4;6;1;2000000;0;3
43777;43;0;57;4;6;1;1000000;0;3
65123;65;0;55;2;8;3;400000;0;3
36333;36;0;41;4;6;1;1000000;0;3
50000;50;0;34;2;8;3;100000;0;4
31007;31;0;34;2;8;3;500000;0;3
50111;50;0;50;2;6;1;100000;0;4
40123;40;0;56;2;6;3;2000000;1;1
22222;22;0;36;2;8;3;1000000;1;1
14222;14;1;44;2;8;3;1000000;0;3
16123;16;1;61;2;8;3;10000;0;4
13201;13;1;54;4;6;9;800000;0;3
77000;77;0;28;4;6;3;2000000;0;3
65333;65;0;59;2;2;1;400000;0;3
50555;50;0;60;4;8;9;100000;0;4
23123;23;0;29;4;8;1;2000000;0;3
31888;31;0;24;2;7;1;500000;0;3
15456;15;0;24;4;8;1;2000000;0;3
20000;20;0;43;2;6;3;2000000;0;3
13888;13;0;42;2;7;3;800000;0;3
12123;12;0;78;2;2;3;2000000;1;1
44000;44;0;53;2;6;3;1500000;0;3
13666;13;1;58;2;8;1;800000;1;1
31985;31;0;37;4;2;3;500000;0;3
44222;44;0;51;2;6;1;1500000;0;3
65789;65;1;36;4;6;3;400000;0;3
90123;90;0;31;2;6;3;2000000;0;3
55999;55;0;48;4;6;3;1500000;0;3
27333;27;0;49;2;4;3;1500000;0;3
51000;51;0;50;2;6;1;2500000;0;3
43222;43;0;37;2;6;3;1000000;0;3
31111;31;0;48;2;2;3;500000;0;3
50222;50;0;44;2;7;3;100000;0;4
31456;31;0;53;2;2;3;500000;0;3
50567;50;0;50;4;6;9;100000;0;4
12888;12;1;53;2;6;9;2000000;0;3
25110;25;0;71;2;8;3;3000000;1;1
33144;33;0;48;2;8;3;1500000;0;3
13123;13;1;44;2;6;3;800000;0;3
10777;10;1;53;4;8;1;1500000;0;3
44555;44;0;42;2;8;1;1500000;0;3
33333;33;0;45;2;8;3;1500000;0;3
13222;13;0;29;2;8;1;800000;0;3
31240;31;0;40;4;2;1;500000;0;3
65888;65;0;40;2;6;3;400000;0;3
31777;31;1;57;2;6;3;500000;0;3
50050;50;0;44;2;8;1;100000;0;4
22123;22;1;53;2;6;3;1000000;0;3
16543;16;0;49;2;6;3;10000;0;4
51121;51;0;59;2;7;3;2500000;0;3
90000;90;0;72;2;3;3;2000000;1;1
65155;65;1;59;2;8;3;400000;0;3
51111;51;1;51;2;8;3;2500000;0;3
13333;13;0;51;2;4;3;800000;0;3
33111;33;0;34;2;8;3;1500000;0;3
36222;36;0;44;2;5;3;1000000;0;3
50100;50;0;48;4;5;3;100000;0;4
27500;27;0;51;2;7;9;1500000;0;3
43333;43;0;44;2;8;1;1000000;0;3
44333;44;0;60;2;6;3;1500000;0;3
25111;25;0;65;2;8;3;3000000;1;3
90999;90;0;75;2;8;1;2000000;1;3
14123;14;1;54;2;8;3;1000000;0;3
44999;44;0;56;2;8;1;1500000;0;3
10333;10;0;53;2;6;1;1500000;0;3
50123;50;0;48;2;7;3;100000;0;4
43233;43;1;34;2;8;1;1000000;0;3
19123;19;0;41;4;2;1;500000;0;3
43234;43;0;62;2;5;3;1000000;0;3
33233;33;1;46;2;6;1;1500000;0;3
15123;15;0;37;2;8;1;2000000;1;1
11234;11;0;38;2;8;1;1500000;0;3
36777;36;0;44;2;6;1;1000000;0;3
36666;36;0;49;2;6;3;1000000;0;3
36000;36;0;40;2;7;9;1000000;0;3
15555;15;0;55;2;8;3;2000000;0;2
31555;31;0;41;2;8;1;500000;0;3
15111;15;0;30;2;8;3;2000000;0;3
13000;13;0;42;2;8;3;800000;0;3
43456;43;1;54;2;8;3;1000000;0;3
33123;33;1;39;2;6;3;1500000;0;3
65777;65;1;53;2;8;3;400000;0;3
51151;51;0;59;2;6;9;2500000;0;3
55190;55;1;41;2;6;3;1500000;0;3
43310;43;0;49;2;6;3;1000000;0;3
13600;13;0;29;4;7;1;800000;0;3
10010;10;1;45;2;6;3;1500000;0;3
36112;36;0;42;4;6;1;1000000;0;3
11236;11;0;32;4;8;1;1500000;0;3
27111;27;1;33;2;6;1;1500000;0;3
36166;36;1;56;2;6;3;1000000;0;3
43123;43;0;55;2;8;3;1000000;0;3
65126;65;0;45;2;8;3;400000;0;3
50777;50;0;31;4;6;3;100000;0;4
55000;55;1;51;2;4;3;1500000;0;3
51118;51;1;31;4;8;1;2500000;0;3
40000;40;0;40;4;8;3;2000000;1;3
33555;33;0;57;4;3;9;1500000;0;3
50888;50;0;61;2;6;3;100000;0;4
33000;33;0;30;2;8;3;1500000;0;3
55222;55;0;32;2;8;1;1500000;0;3
43433;43;0;54;4;7;3;1000000;0;3
20333;20;0;64;2;6;3;2000000;0;3
15551;15;0;52;4;6;1;2000000;0;3
43151;43;1;52;4;6;3;1000000;0;3
55666;55;0;34;4;8;3;1500000;0;3
14190;14;0;42;2;8;9;1000000;0;3
43252;43;0;31;2;5;1;1000000;0;3
33456;33;0;34;2;7;3;1500000;0;3
13311;13;0;45;2;6;3;800000;0;3
13113;13;0;60;4;8;1;800000;0;3
27107;27;0;35;4;6;3;1500000;0;3
13013;13;0;49;2;8;1;800000;0;3
50456;50;0;51;2;8;3;100000;0;4
90333;90;0;57;2;8;3;2000000;1;1
33033;33;0;46;4;6;3;1500000;0;3
55777;55;0;52;4;8;3;1500000;0;3
36334;36;0;25;4;8;1;1000000;0;3
51987;51;1;42;4;7;3;2500000;0;3
55111;55;0;47;2;8;3;1500000;0;1
11231;11;0;44;2;6;3;1500000;0;3
13444;13;0;57;4;6;1;800000;0;3
65477;65;0;53;2;8;3;400000;0;3
25221;25;0;70;2;8;3;3000000;0;2
20123;20;0;50;2;6;3;2000000;0;3
15000;15;0;54;4;8;9;2000000;0;3
13111;13;0;36;2;8;1;800000;0;3
65656;65;0;50;2;8;3;400000;0;3
17123;17;0;47;2;8;9;300000;0;4
12777;12;1;64;2;6;3;2000000;0;3
25123;25;0;65;2;4;3;3000000;0;3
33444;33;1;48;4;7;1;1500000;0;3
65111;65;0;49;4;8;3;400000;0;3
90111;90;0;42;2;8;3;2000000;0;1
33122;33;0;26;4;6;1;1500000;0;3
65166;65;0;48;4;8;1;400000;0;3
13456;13;0;42;2;8;3;800000;0;3
13131;13;0;28;2;7;1;800000;0;3
65193;65;0;39;2;7;1;400000;0;3
15101;15;0;47;4;5;3;2000000;0;3
31009;31;0;49;4;4;3;500000;0;3
22999;22;0;35;4;6;1;1000000;0;3
70123;70;0;33;2;8;1;500000;0;2
12000;12;1;46;2;8;1;2000000;0;3
13021;13;1;60;2;8;9;800000;0;3
50135;50;0;55;2;3;3;100000;0;4
43133;43;0;36;4;8;9;1000000;0;3
27207;27;0;40;4;3;3;1500000;0;3
50005;50;0;39;2;7;1;100000;0;4
90653;90;0;34;4;6;1;2000000;0;3
31815;31;1;64;4;6;3;500000;0;3
40333;40;1;61;2;8;3;2000000;0;3
45456;45;0;48;2;4;3;2000000;0;3
15666;15;0;57;2;8;3;2000000;0;3
44123;44;0;40;4;8;3;1500000;0;3
45666;45;0;56;4;8;3;2000000;0;3
65555;65;0;42;4;8;3;400000;0;1
43015;43;0;51;2;6;3;1000000;0;3
40111;40;0;49;4;8;9;2000000;1;1
50505;50;1;26;4;7;1;100000;0;4
15115;15;0;51;2;8;1;2000000;0;3
20222;20;0;48;2;4;3;1000000;0;3
51000;51;0;33;4;8;3;1000000;0;3
65111;65;0;54;2;8;3;1000000;0;3
36000;36;0;51;4;8;1;1000000;0;3
17888;17;0;39;4;7;1;1000000;0;3
70222;70;0;62;2;3;3;1000000;0;3
50888;50;0;30;2;8;1;1000000;0;4
17999;17;0;43;4;6;3;1000000;0;3
43099;43;1;52;2;8;3;1000000;0;3
70789;70;0;29;2;8;1;1000000;0;3
77987;77;1;43;4;8;1;1000000;0;3
50500;50;1;61;2;8;3;1000000;0;4
77277;77;0;53;2;8;3;1000000;0;3
50551;50;0;70;2;6;3;1000000;0;4
19700;19;0;55;2;7;9;1000000;0;3
12111;12;0;40;4;6;1;1000000;0;3
17321;17;1;55;4;6;1;1000000;0;3
50003;50;0;68;2;8;3;1000000;0;4
16123;16;0;49;4;8;1;1000000;0;4
43607;43;0;50;2;4;3;1000000;0;3
70133;70;0;60;2;8;3;1000000;0;3
25110;25;0;74;2;8;3;1000000;1;1
10777;10;0;47;4;6;1;1000000;0;3
10123;10;0;72;2;8;3;1000000;0;3
13131;13;0;61;2;8;3;1000000;0;3
51111;51;1;55;2;8;3;1000000;0;3
50321;50;0;28;4;6;1;1000000;0;4
27103;27;0;53;4;6;1;1000000;0;3
27050;27;0;65;2;8;3;1000000;0;3
50050;50;0;36;4;6;3;1000000;0;4
27007;27;1;51;4;6;3;1000000;0;3
22000;22;0;30;2;8;3;1000000;0;3
77700;77;0;40;4;6;3;1000000;0;3
14321;14;0;28;2;6;3;1000000;0;3
77100;77;0;39;4;6;1;1000000;0;3
35444;35;0;43;2;8;3;1000000;0;3
77110;77;0;25;4;5;1;1000000;0;3
31888;31;0;51;4;6;3;1000000;0;3
77007;77;0;33;2;4;1;1000000;0;3
19111;19;0;53;4;6;1;1000000;0;3
51555;51;0;31;4;6;1;1000000;0;3
10001;10;0;57;2;6;1;1000000;0;3
10003;10;0;36;2;6;1;1000000;0;3
70191;70;0;65;2;6;3;1000000;0;3
77777;77;0;47;2;8;3;1000000;0;3
65333;65;0;45;4;8;3;1000000;0;3
19222;19;0;56;2;4;1;1000000;0;3
77724;77;0;54;2;6;1;1000000;0;3
27888;27;0;58;2;8;3;1000000;0;3
45000;45;0;44;4;8;3;1000000;1;3
17700;17;0;25;4;6;3;1000000;0;3
17017;17;1;54;2;8;1;1000000;0;3
13444;13;0;61;4;6;1;1000000;0;3
55123;55;0;44;2;6;1;1000000;0;3
50300;50;0;70;2;8;5;1000000;0;4
10444;10;0;59;2;3;9;1000000;0;3
45111;45;0;53;4;8;9;1000000;1;3
27789;27;0;48;2;6;3;1000000;0;3
22123;22;0;53;4;8;3;1000000;0;3
19144;19;0;48;2;6;3;1000000;0;3
50800;50;0;33;4;8;1;1000000;0;4
36666;36;0;38;4;6;3;1000000;0;1
10113;10;0;34;2;6;1;1000000;0;3
31234;31;0;57;4;8;9;1000000;0;3
25321;25;1;39;2;8;3;1000000;0;3
28000;28;0;36;2;5;1;1000000;0;4
13000;13;1;54;2;8;9;1000000;0;3
20200;20;1;52;4;8;9;1000000;0;3
31222;31;0;28;2;6;1;1000000;0;3
40000;40;0;44;4;8;1;1000000;0;3
50010;50;0;52;4;5;1;1000000;0;4
13311;13;1;43;4;8;3;1000000;0;3
18555;18;0;50;2;8;3;1000000;0;4
31444;31;0;48;4;8;1;1000000;0;3
70777;70;0;33;2;6;1;1000000;0;3
15555;15;0;34;2;8;1;1000000;0;3
77666;77;0;49;4;6;1;1000000;0;3
50015;50;0;35;2;8;1;1000000;0;4
65888;65;0;42;4;7;9;1000000;0;3
50555;50;0;32;2;8;1;1000000;0;4
27000;27;0;49;2;8;1;1000000;0;3
20000;20;0;45;2;8;3;1000000;0;3
17456;17;0;30;2;4;1;1000000;0;3
77123;77;0;46;2;8;3;1000000;1;1
19133;19;0;44;2;7;3;1000000;0;3
65777;65;0;57;2;6;1;1000000;0;3
77789;77;1;37;2;8;3;1000000;0;3
77544;77;0;58;2;8;3;1000000;0;3
35555;35;0;54;4;8;1;1000000;0;3
15222;15;0;62;2;6;3;1000000;1;1
22111;22;0;51;2;7;3;1000000;0;3
50234;50;0;48;2;6;1;1000000;0;4
44123;44;0;31;4;4;3;1000000;0;3
13222;13;0;49;2;8;3;1000000;0;1
17000;17;0;48;2;8;3;1000000;0;3
65656;65;0;59;2;8;3;1000000;0;3
13555;13;0;53;2;6;9;1000000;0;3
43234;43;0;35;2;6;1;1000000;0;3
55133;55;0;26;2;8;3;1000000;1;2
77680;77;0;22;2;6;1;1000000;0;3
10888;10;1;60;2;8;3;1000000;0;3
70888;70;0;37;2;5;1;1000000;0;3
70111;70;0;61;2;6;9;1000000;0;3
77200;77;0;24;2;6;1;1000000;0;3
65321;65;0;51;2;8;3;1000000;0;3
17100;17;0;37;2;6;1;1000000;0;3
43777;43;0;61;4;6;1;1000000;0;3
65388;65;0;56;2;4;3;1000000;0;3
50777;50;0;50;4;8;1;1000000;0;4
36222;36;0;51;2;6;3;1000000;0;2
70190;70;0;60;4;6;3;1000000;0;3
55444;55;0;39;2;8;3;1000000;0;3
36123;36;0;43;2;8;1;1000000;0;3
65123;65;0;37;2;8;3;1000000;1;3
27272;27;0;73;2;7;3;1000000;0;3
13333;13;0;54;2;6;3;1000000;0;3
65444;65;0;49;2;8;3;1000000;0;3
65555;65;0;34;2;6;1;1000000;0;3
50221;50;0;42;2;6;3;1000000;0;4
19000;19;0;47;2;5;3;1000000;0;3
43100;43;0;61;4;6;5;1000000;0;3
25222;25;0;60;4;8;5;1000000;0;3
35223;35;0;36;2;6;1;1000000;0;3
28888;28;0;38;4;6;1;1000000;0;4
70870;70;0;30;4;6;1;1000000;0;3
10555;10;0;38;4;6;9;1000000;0;3
10005;10;0;36;4;5;1;1000000;0;3
43333;43;1;57;2;7;3;1000000;0;3
17123;17;1;58;2;8;3;1000000;0;3
27555;27;0;50;2;3;1;1000000;0;3
18123;18;0;42;2;7;3;1000000;0;4
90123;90;0;26;4;6;3;1000000;0;3
55555;55;0;49;2;8;1;1000000;1;1
70007;70;0;38;2;7;1;1000000;0;3
77444;77;0;36;2;6;3;1000000;0;3
50357;50;0;34;4;6;1;1000000;0;4
22222;22;0;40;2;8;3;1000000;1;1
12222;12;0;49;2;8;3;1000000;0;3
10007;10;0;34;2;6;3;1000000;0;3
43443;43;0;57;4;8;3;1000000;0;3
17333;17;0;63;2;6;3;1000000;0;3
77333;77;1;24;2;6;1;1000000;0;3
35000;35;0;65;4;8;3;1000000;0;3
31000;31;0;48;2;8;3;1000000;1;1
31555;31;0;37;2;8;1;1000000;0;3
70333;70;0;53;4;7;1;1000000;0;3
77211;77;0;42;2;6;1;1000000;0;3
31666;31;0;24;2;6;1;1000000;0;3
70345;70;0;49;2;4;3;1000000;0;3
28111;28;0;67;2;4;1;1000000;0;4
35777;35;1;62;2;8;3;1000000;0;3
51051;51;1;37;2;8;3;1000000;0;3
10999;10;0;36;4;6;1;1000000;0;3
31123;31;0;48;4;5;1;1000000;0;3
35110;35;0;54;2;6;1;1000000;0;3
35888;35;1;65;2;8;3;1000000;0;3
17666;17;0;35;2;6;3;1000000;0;3
50111;50;0;54;2;6;1;1000000;0;4
18018;18;0;47;4;6;1;1000000;0;4
28012;28;0;45;2;6;3;1000000;0;4
35123;35;0;44;2;8;3;1000000;0;3
50222;50;0;30;2;6;1;1000000;0;4
11111;11;1;58;4;6;3;1000000;0;3
40222;40;0;46;4;6;3;1000000;0;3
70444;70;1;60;2;8;9;1000000;0;3
55333;55;0;49;2;7;3;1000000;0;3
77567;77;0;53;4;8;3;1000000;0;3
77677;77;0;26;2;8;1;1000000;0;1
77223;77;0;41;4;4;1;1000000;0;3
14123;14;0;46;2;8;1;1000000;0;3
13123;13;0;44;4;8;3;1000000;0;1
22333;22;0;58;2;8;3;1000000;0;3
70999;70;0;44;2;3;3;1000000;0;3
77147;77;0;41;2;8;1;1000000;0;3
55221;55;0;37;2;8;1;1000000;0;3
20999;20;0;47;2;4;3;1000000;0;3
50180;50;0;22;4;8;1;1000000;0;4
65000;65;0;36;2;2;1;1000000;0;3
77222;77;0;32;2;8;1;1000000;0;3
35100;35;0;48;2;2;3;1000000;0;3
10333;10;1;65;2;8;3;1000000;0;3
18000;18;0;46;2;6;1;1000000;0;4
77456;77;0;37;4;7;3;1000000;0;3
10100;10;0;35;2;8;9;1000000;0;3
70000;70;0;51;2;8;3;1000000;0;1
50000;50;1;32;4;8;1;1000000;0;4
10222;10;0;64;4;8;1;1000000;0;3
77001;77;0;54;2;7;3;1000000;0;3
40123;40;0;36;4;6;1;1000000;0;3
77077;77;1;50;2;5;1;1000000;0;3
17555;17;1;49;4;6;1;1000000;0;3
25123;25;0;69;2;3;9;1000000;0;3
40111;40;1;47;2;8;3;1000000;0;3
40888;40;0;36;4;4;3;1000000;0;3
15123;15;0;62;4;8;3;1000000;0;3
90111;90;0;46;2;8;3;1000000;1;1
35111;35;0;47;2;6;9;1000000;0;3
50666;50;0;47;2;6;3;1000000;0;4
13456;13;0;40;2;8;3;1000000;0;3
17777;17;1;43;2;8;3;1000000;0;3
50444;50;0;52;2;8;3;1000000;0;4
45555;45;0;79;2;8;3;1000000;1;2
18333;18;0;42;2;3;3;1000000;0;4
65222;65;0;44;2;8;3;1000000;0;3
18456;18;0;50;2;8;1;1000000;0;4
13100;13;0;44;4;7;3;1000000;0;3
40477;40;0;57;2;8;1;1000000;0;3
77190;77;0;48;2;6;3;1000000;0;3
17018;17;0;60;2;6;1;1000000;0;3
17222;17;1;40;2;8;3;1000000;0;3
77000;77;0;51;2;6;3;1000000;0;3
77043;77;1;34;4;4;3;1000000;0;3
11112;11;0;28;2;6;1;1000000;0;3
20444;20;0;50;2;6;1;1000000;0;3
70100;70;0;60;2;7;9;1000000;0;3
43000;43;0;38;4;6;1;1000000;0;3
31111;31;0;74;2;8;5;1000000;0;3
18180;18;0;30;4;6;3;1000000;0;4
20018;20;1;58;2;8;3;1000000;0;3
77773;77;0;38;2;8;1;1000000;0;3
50007;50;0;43;2;6;1;1000000;0;4
43456;43;0;37;2;4;1;1000000;0;3
27999;27;0;61;4;4;5;1000000;0;3
27027;27;1;66;2;6;3;1000000;0;3
10009;10;0;51;2;6;3;1000000;0;3
50212;50;0;54;2;8;3;1000000;0;4
55222;55;0;79;2;8;1;1000000;1;1
45456;45;0;41;2;8;1;1000000;1;3
20008;20;0;52;2;8;3;1000000;0;3
10000;10;0;57;2;4;3;1000000;0;3
45123;45;0;60;2;6;1;1000000;1;1
18444;18;0;42;2;8;3;1000000;0;4
54444;54;0;46;4;8;3;1000000;1;1
65666;65;0;42;4;8;1;1000000;0;3
13013;13;0;48;2;8;9;1000000;0;3
77888;77;0;36;2;7;3;1000000;0;3
77015;77;0;37;2;8;3;1000000;0;3
43222;43;0;41;2;6;3;1000000;0;3
15100;15;0;56;2;8;3;1000000;1;1
35333;35;1;25;4;8;1;1000000;0;3
77555;77;0;40;2;8;3;1000000;0;3
50999;50;1;55;4;8;3;1000000;0;4
70555;70;0;43;4;6;3;1000000;0;3
45678;45;0;51;2;6;3;1000000;1;1
45888;45;0;55;2;8;3;1000000;1;1
13789;13;0;49;2;7;3;1000000;0;3
70700;70;0;51;2;6;3;1000000;0;3
70488;70;1;57;4;6;3;1000000;0;3
10300;10;1;36;4;8;1;1000000;0;3
55777;55;0;51;4;8;3;1000000;0;3
18888;18;0;34;2;8;3;1000000;0;4
10500;10;0;45;4;7;3;1000000;0;3
77234;77;0;38;2;6;3;1000000;0;3
40333;40;0;61;2;8;9;1000000;1;3
70666;70;0;47;4;6;3;1000000;0;3
77778;77;0;38;4;6;1;1000000;0;3
10400;10;0;35;4;8;9;1000000;0;3
13111;13;0;49;2;8;3;1000000;0;3
31999;31;1;44;4;3;1;1000000;0;3
35222;35;0;55;2;8;3;1000000;0;3
70123;70;0;38;2;8;9;1000000;0;2
43123;43;0;40;2;8;9;1000000;0;3
18777;18;0;47;2;6;3;1000000;0;4
13113;13;0;44;2;8;3;1000000;0;3
45333;45;0;76;2;6;3;1000000;1;1
16456;16;0;52;2;8;3;1000000;0;4
10600;10;0;50;2;6;9;1000000;0;3
27112;27;0;37;4;6;1;1000000;0;3
20002;20;1;58;2;8;3;1000000;0;3
55200;55;0;65;4;6;3;1000000;0;3
65455;65;0;43;4;8;5;1000000;0;3
54192;54;0;39;2;6;1;1000000;0;3
70456;70;0;33;4;8;1;1000000;0;3
13133;13;0;49;2;8;3;1000000;0;3
51222;51;0;59;2;8;3;1000000;0;3
50333;50;0;40;4;7;3;1000000;0;4
13666;13;0;41;2;7;1;1000000;0;3
77611;77;0;47;2;6;1;1000000;0;3
10456;10;0;47;2;6;3;1000000;0;3
13134;13;0;53;2;8;3;1000000;0;3
18881;18;0;37;4;6;1;1000000;0;4
35007;35;0;48;2;6;3;1000000;0;3
20888;20;0;52;4;8;3;1000000;0;3
77678;77;0;49;2;4;3;1000000;0;3
50122;50;0;50;2;4;3;1000000;0;4
36555;36;0;52;4;8;9;1000000;0;3
10111;10;1;50;2;3;1;1000000;0;3
54333;54;0;48;2;6;1;1000000;0;3
50001;50;0;45;2;4;1;1000000;0;4
17190;17;1;52;2;8;3;1000000;0;1
50100;50;0;40;2;6;3;1000000;0;4
20020;20;0;44;2;7;3;1000000;0;3
35190;35;1;45;2;8;3;1000000;0;3
13337;13;0;55;4;8;3;1000000;0;3
11234;11;0;42;2;8;1;1000000;0;3
29029;29;0;33;2;8;1;1000000;0;4
12123;12;0;44;4;8;3;1000000;0;3
27777;27;0;38;2;3;3;1000000;0;3
65779;65;0;65;4;8;1;1000000;0;3
55345;55;1;50;2;8;3;1270629.01;0;4
44100;44;0;40;2;7;3;1270629.01;0;1
14000;14;0;60;2;8;3;1270629.01;1;4
10444;10;0;41;4;6;9;1270629.01;0;4
55145;55;0;38;4;6;3;1270629.01;0;4
77677;77;0;41;2;8;3;1270629.01;0;3
16123;16;0;53;4;8;1;1270629.01;0;4
10333;10;1;55;2;6;3;1270629.01;0;4
22200;22;0;61;2;8;1;1270629.01;0;3
55333;55;0;45;2;6;1;1270629.01;0;4
35007;35;1;61;2;8;1;1270629.01;0;4
14222;14;1;52;4;5;3;1270629.01;0;4
51777;51;0;39;2;6;3;1270629.01;0;4
70400;70;0;54;4;6;9;1270629.01;0;4
22321;22;0;28;2;8;1;1270629.01;0;3
51888;51;0;57;4;8;3;1270629.01;0;4
15321;15;0;30;4;8;3;1270629.01;0;3
51123;51;0;67;2;8;9;1270629.01;0;4
51519;51;1;50;4;6;3;1270629.01;0;4
35111;35;0;80;2;5;5;1270629.01;0;4
35789;35;0;41;2;8;3;1270629.01;0;4
55133;55;0;41;4;8;9;1270629.01;0;4
35035;35;0;39;2;7;3;1270629.01;0;4
14190;14;0;43;2;8;3;1270629.01;0;4
33777;33;0;34;2;6;1;1270629.01;0;4
77084;77;1;41;2;6;1;1270629.01;0;3
15190;15;0;57;4;8;3;1270629.01;0;3
70777;70;0;28;2;8;1;1270629.01;0;4
14444;14;0;47;4;5;9;1270629.01;0;4
35400;35;0;41;4;8;3;1270629.01;0;4
55444;55;0;58;2;6;9;1270629.01;0;4
45454;45;0;28;2;7;1;1270629.01;0;3
13123;13;0;48;4;8;1;1270629.01;1;1
55222;55;0;39;2;8;1;1270629.01;0;4
43333;43;0;44;2;8;3;1270629.01;1;1
33009;33;0;26;4;6;1;1270629.01;0;4
40123;40;0;33;2;8;1;1270629.01;0;4
28122;28;0;46;2;5;1;1270629.01;0;4
28123;28;0;41;2;5;9;1270629.01;0;4
70456;70;0;37;2;3;1;1270629.01;0;4
50333;50;0;56;2;6;1;1270629.01;0;4
50005;50;0;60;4;8;9;1270629.01;0;4
33111;33;0;55;2;3;1;1270629.01;0;4
51234;51;0;52;4;8;3;1270629.01;0;4
45111;45;0;50;2;8;3;1270629.01;1;3
13333;13;0;50;4;8;5;1270629.01;0;3
44750;44;1;51;4;2;3;1270629.01;0;3
70300;70;0;41;2;6;9;1270629.01;0;4
45777;45;0;41;4;8;3;1270629.01;0;3
77555;77;0;37;2;8;3;1270629.01;0;3
14321;14;0;28;2;4;3;1270629.01;0;4
43666;43;0;42;4;6;1;1270629.01;1;2
13000;13;1;58;2;8;3;1270629.01;0;3
51555;51;0;55;2;8;9;1270629.01;0;4
44123;44;0;29;2;8;1;1270629.01;0;3
40100;40;1;45;4;8;1;1270629.01;0;4
40111;40;1;43;2;8;3;1270629.01;0;4
13444;13;0;53;2;8;3;1270629.01;0;3
77211;77;0;46;2;8;1;1270629.01;0;3
15111;15;0;51;2;4;3;1270629.01;0;3
45123;45;0;64;2;6;1;1270629.01;1;1
10003;10;0;48;2;7;3;1270629.01;0;4
22100;22;1;68;2;8;9;1270629.01;0;3
14200;14;0;49;2;4;3;1270629.01;0;4
45678;45;0;55;2;6;3;1270629.01;1;1
77123;77;1;56;2;6;3;1270629.01;0;1
55110;55;0;56;4;6;3;1270629.01;0;4
33444;33;0;23;2;6;1;1270629.01;0;4
13113;13;1;57;4;8;9;1270629.01;0;3
12444;12;0;63;2;3;3;1270629.01;0;4
77022;77;0;43;2;6;3;1270629.01;0;3
45333;45;0;80;2;4;3;1270629.01;1;3
22111;22;0;44;2;8;3;1270629.01;0;2
50555;50;0;47;4;6;1;1270629.01;0;4
35333;35;1;60;2;8;9;1270629.01;0;4
33322;33;0;49;4;6;9;1270629.01;0;4
77789;77;0;37;2;4;3;1270629.01;0;3
15155;15;0;51;2;8;3;1270629.01;0;3
15999;15;0;47;4;8;9;1270629.01;0;3
35700;35;0;35;2;6;3;1270629.01;0;4
40789;40;0;59;2;8;3;1270629.01;0;4
55055;55;0;62;4;6;3;1270629.01;0;4
45222;45;0;55;2;7;3;1270629.01;1;3
43123;43;0;44;2;8;9;1270629.01;0;3
43777;43;0;46;4;8;1;1270629.01;0;3
22220;22;1;54;2;8;3;1270629.01;0;3
70500;70;0;38;2;6;1;1270629.01;0;4
51678;51;0;50;2;6;3;1270629.01;0;4
77337;77;0;25;4;8;1;1270629.01;0;3
45456;45;0;34;4;8;1;1270629.01;0;3
50123;50;1;34;4;7;1;1270629.01;0;4
22190;22;0;43;2;8;1;1270629.01;0;3
15888;15;1;62;4;3;1;1270629.01;0;3
22210;22;0;48;4;8;1;1270629.01;0;3
35369;35;0;38;4;8;9;1270629.01;0;4
51000;51;0;37;2;8;1;1270629.01;0;4
70888;70;0;41;2;5;1;1270629.01;0;4
70900;70;0;32;2;8;3;1270629.01;0;4
44000;44;0;48;4;8;3;1270629.01;0;3
35200;35;0;41;4;6;1;1270629.01;0;4
12101;12;1;52;2;6;3;1270629.01;0;4
45255;45;0;44;4;6;3;1270629.01;0;3
40444;40;0;21;2;7;1;1270629.01;0;4
77190;77;0;52;2;8;3;1270629.01;1;3
45888;45;0;59;2;8;3;1270629.01;1;1
55123;55;0;55;2;8;3;1270629.01;0;4
22888;22;0;36;2;5;1;1270629.01;0;3
51111;51;0;44;2;6;3;1270629.01;0;4
14123;14;0;50;2;8;1;1270629.01;0;4
77000;77;0;56;2;8;3;1270629.01;0;3
55022;55;0;47;2;6;3;1270629.01;0;4
70789;70;0;48;2;6;3;1270629.01;0;4
40120;40;0;55;4;8;1;1270629.01;0;4
44556;44;0;49;2;8;1;1270629.01;0;3
45100;45;0;62;2;8;3;1270629.01;0;1
13133;13;0;63;2;8;3;1270629.01;0;3
55112;55;0;62;2;8;3;1270629.01;0;4
14888;14;0;45;4;5;1;1270629.01;0;4
40555;40;0;26;4;8;1;1270629.01;0;4
70555;70;0;45;2;8;3;1270629.01;0;4
14999;14;0;47;2;4;3;1270629.01;0;4
77678;77;1;50;2;6;3;1270629.01;0;3
15551;15;0;50;4;6;9;1270629.01;0;3
55555;55;1;60;2;8;3;1270629.01;0;4
44444;44;0;52;2;6;1;1270629.01;0;1
44111;44;0;45;2;8;3;1270629.01;0;4
43100;43;0;60;2;8;3;1270629.01;1;2
35135;35;0;44;2;3;1;1270629.01;0;4
35262;35;0;61;4;8;9;1270629.01;0;4
22345;22;1;35;2;8;3;1270629.01;0;3
35500;35;0;47;2;6;1;1270629.01;0;4
70222;70;0;56;2;3;9;1270629.01;0;4
70321;70;0;36;4;3;3;1270629.01;0;4
55777;55;0;34;2;6;1;1270629.01;0;4
22555;22;1;58;2;6;3;1270629.01;0;3
15024;15;1;46;2;7;3;1270629.01;0;3
35456;35;0;39;4;8;3;1270629.01;0;4
22999;22;0;38;4;6;3;1270629.01;0;3
22000;22;0;46;4;8;3;1270629.01;0;3
70444;70;0;49;2;4;1;1270629.01;0;4
15333;15;0;39;4;7;1;1270629.01;0;3
22333;22;1;59;4;8;3;1270629.01;0;3
33567;33;1;61;2;3;3;1270629.01;0;4
14007;14;0;48;4;8;3;1270629.01;0;4
15777;15;0;59;2;8;3;1270629.01;0;3
77333;77;1;28;2;8;1;1270629.01;1;3
22522;22;0;50;4;8;1;1270629.01;0;3
14333;14;0;48;2;5;1;1270629.01;0;4
51222;51;0;45;2;5;3;1270629.01;0;4
40999;40;0;51;2;4;1;1270629.01;0;4
28888;28;0;68;4;8;1;1270629.01;0;4
35999;35;0;40;2;3;1;1270629.01;0;4
33789;33;0;58;4;4;3;1270629.01;0;4
55678;55;0;48;4;6;3;1270629.01;0;4
45555;45;0;83;2;8;3;1270629.01;1;1
55888;55;0;49;2;8;1;1270629.01;0;4
44244;44;0;57;4;6;3;1270629.01;0;3
13666;13;0;46;2;4;1;1270629.01;0;3
10101;10;0;56;2;3;3;1270629.01;0;4
51200;51;0;45;2;4;9;1270629.01;0;4
44044;44;0;71;4;8;9;1270629.01;0;3
45666;45;0;55;4;4;3;1270629.01;0;3
40222;40;1;70;2;6;3;1270629.01;0;4
65123;65;0;45;2;6;1;1270629.01;0;3
28456;28;1;62;4;5;9;1270629.01;0;4
13613;13;0;44;4;8;1;1270629.01;0;1
15555;15;1;57;4;7;3;1270629.01;0;3
15678;15;0;40;2;8;3;1270629.01;0;3
40456;40;0;50;4;4;1;1270629.01;0;4
10111;10;0;50;4;6;1;1270629.01;0;4
50222;50;0;54;2;8;1;1270629.01;0;4
12130;12;0;39;4;6;1;1270629.01;0;4
44555;44;0;32;2;8;1;1270629.01;0;3
44144;44;0;30;4;8;1;1270629.01;0;3
44333;44;0;27;2;8;1;1270629.01;0;3
12190;12;0;47;4;8;1;1270629.01;0;4
77456;77;0;45;2;6;3;1270629.01;0;3
40403;40;0;42;2;8;1;1270629.01;0;4
18333;18;0;34;4;7;3;1270629.01;0;4
15015;15;0;48;4;8;3;1270629.01;0;3
33888;33;0;34;4;5;1;1270629.01;0;4
40420;40;0;24;2;6;1;1270629.01;0;4
70999;70;1;36;2;6;3;1270629.01;0;4
12112;12;0;45;4;7;1;1270629.01;0;4
44777;44;1;43;2;8;3;1270629.01;0;3
40190;40;0;42;4;8;3;1270629.01;0;4
13013;13;0;22;2;6;1;1270629.01;0;3
35300;35;0;42;2;8;3;1270629.01;0;4
22123;22;0;57;4;8;5;1270629.01;0;1
45110;45;0;78;2;8;3;1270629.01;1;3
44888;44;0;35;2;8;3;1270629.01;0;3
14111;14;0;69;2;8;3;1270629.01;0;4
40013;40;0;50;2;6;1;1270629.01;0;4
33123;33;0;35;2;6;3;1270629.01;0;4
70100;70;0;39;4;6;9;1270629.01;0;4
13555;13;0;62;4;8;9;1270629.01;0;3
13670;13;0;51;2;8;9;1270629.01;0;3
50444;50;0;51;2;8;1;1270629.01;0;4
22380;22;0;45;2;6;3;1270629.01;0;3
44011;44;0;50;4;6;3;1270629.01;0;3
10555;10;0;55;2;6;3;1270629.01;0;4
80180;80;0;21;4;7;1;1270629.01;0;4
45122;45;0;66;2;6;3;1270629.01;1;2
12000;12;0;60;2;6;9;1270629.01;0;4
45000;45;0;55;2;8;3;1270629.01;1;1
70600;70;0;52;4;8;3;1270629.01;0;4
70070;70;0;21;2;6;1;1270629.01;0;4
18888;18;0;36;2;7;9;1270629.01;0;4
33222;33;0;64;4;3;1;1270629.01;0;4
51013;51;0;28;4;6;3;1270629.01;0;4
51444;51;0;38;2;8;3;1270629.01;0;4
77222;77;0;41;2;8;3;1270629.01;0;3
15007;15;0;47;2;8;3;1270629.01;0;3
51233;51;0;63;4;6;3;1270629.01;0;4
14666;14;0;65;2;4;1;1270629.01;0;4
15100;15;0;26;4;8;1;1270629.01;0;3
50100;50;1;43;2;8;1;1270629.01;0;4
22722;22;0;53;4;7;3;1270629.01;0;3
77077;77;0;44;4;8;3;1270629.01;0;3
45455;45;1;48;4;8;3;1270629.01;0;3
77777;77;0;50;4;8;3;1270629.01;1;1
55111;55;0;43;2;6;3;1270629.01;0;4
70700;70;0;51;4;6;1;1270629.01;0;4
15123;15;0;73;2;4;9;1270629.01;0;3
44024;44;0;57;2;6;1;1270629.01;0;3
22444;22;0;65;2;3;3;1270629.01;0;3
12140;12;0;47;2;3;3;1270629.01;0;4
35444;35;0;56;2;8;3;1270629.01;0;4
15222;15;0;38;2;8;1;1270629.01;0;1
35666;35;0;32;4;6;1;1270629.01;0;4
70123;70;1;34;4;6;1;1270629.01;0;4
55999;55;0;64;2;8;3;1270629.01;0;4
55190;55;1;64;2;8;3;1270629.01;0;4
70000;70;0;62;2;8;1;1270629.01;0;4
55644;55;0;39;4;8;3;1270629.01;0;4
10125;10;1;54;2;3;1;1270629.01;0;4
12345;12;1;40;2;8;9;1270629.01;0;4
77890;77;0;41;4;7;1;1270629.01;0;3
12100;12;0;63;2;8;3;1270629.01;0;4
14777;14;0;58;2;5;3;1270629.01;0;4
33456;33;0;55;2;4;9;1270629.01;0;4
77888;77;1;54;4;8;3;1270629.01;0;3
45544;45;0;46;4;8;3;1270629.01;0;3
35777;35;0;36;4;6;1;1270629.01;0;4
22222;22;1;56;2;8;3;1270629.01;1;1
14456;14;0;51;4;6;9;1270629.01;0;4
35222;35;0;45;2;8;9;1270629.01;0;4
35555;35;0;47;2;6;1;1270629.01;0;4
40666;40;0;38;2;3;1;1270629.01;0;4
50000;50;0;49;2;8;3;1270629.01;0;4
13222;13;0;53;2;8;3;1270629.01;1;1
77321;77;0;41;2;8;3;1270629.01;0;3
35888;35;1;47;2;8;1;1270629.01;0;4
22762;22;0;45;2;6;3;1270629.01;0;1
13111;13;1;29;4;8;3;1270629.01;0;3
77007;77;0;29;4;8;1;1270629.01;0;3
18123;18;0;50;2;6;1;1270629.01;0;4
70111;70;0;62;2;6;3;1270629.01;0;4
55122;55;0;37;4;8;3;1270629.01;0;4
50666;50;0;36;2;6;1;1270629.01;0;4
70333;70;0;57;2;6;9;1270629.01;0;4
12333;12;0;46;4;8;3;1270629.01;0;4
77001;77;0;58;2;6;3;1270629.01;0;3
55000;55;0;49;2;7;3;1270629.01;0;4
44120;44;0;43;2;6;3;1270629.01;0;3
55456;55;0;43;2;6;3;1270629.01;0;4
12222;12;0;31;2;6;1;1270629.01;0;4
12369;12;1;51;4;7;1;1270629.01;0;4
15444;15;1;59;2;5;3;1270629.01;0;3
65777;65;0;40;4;8;1;1270629.01;0;3
15101;15;0;46;2;8;3;1270629.01;0;3
15000;15;0;71;2;6;3;1270629.01;0;3
45444;45;0;53;2;8;1;1270629.01;1;2
70678;70;0;49;2;6;3;1270629.01;0;4
14678;14;0;53;4;8;1;1270629.01;0;4
43222;43;0;83;2;8;1;1270629.01;1;3
55789;55;0;37;2;8;3;1270629.01;0;4
55610;55;0;42;4;6;3;1270629.01;0;4
22777;22;0;38;2;8;3;1270629.01;0;3
50111;50;1;45;2;5;1;1270629.01;0;4
44190;44;1;39;2;8;3;1270629.01;0;3
44222;44;0;32;2;5;1;1270629.01;0;3
33999;33;0;49;4;5;9;1270629.01;0;4
33033;33;0;50;2;3;1;1270629.01;0;4
22122;22;0;58;2;6;1;1270629.01;0;3
45999;45;0;42;2;8;3;1270629.01;1;1
35123;35;0;38;2;6;3;1270629.01;0;4
12123;12;1;49;2;6;1;1270629.01;0;4
70200;70;0;29;4;6;1;1270629.01;0;4
40333;40;1;60;2;8;1;1270629.01;0;4
70011;70;0;47;4;6;3;1270629.01;0;4
22022;22;1;34;2;8;3;1270629.01;0;3
55655;55;0;22;2;7;1;1270629.01;0;4
12121;12;1;44;4;6;5;1270629.01;0;4
77421;77;0;48;4;6;1;1270629.01;0;3
10000;10;0;37;4;8;3;1270629.01;0;4
51511;51;0;43;2;6;3;1270629.01;0;4
70800;70;0;30;4;8;1;1270629.01;0;4
